month,reason_code,text_reason,refund_tickets,refund_paise,share_of_month,refund_inr
2025-01,CANCEL,CANCELLATION,7,1925500,0.1365,19255.0
2025-01,DOA-REPL,PRODUCT_DEFECT,2,554800,0.0393,5548.0
2025-01,DOA-REPL,REFUND_STATUS_FOLLOWUP,1,179900,0.0128,1799.0
2025-01,DUP-PAYMENT,PAYMENT_ISSUE,10,2775900,0.1968,27759.0
2025-01,GW-OTHER,OTHER_UNCLEAR,24,6992400,0.4957,69924.0
2025-01,GW-OTHER,REFUND_STATUS_FOLLOWUP,1,170900,0.0121,1709.0
2025-01,GW-OTHER,WARRANTY_BUYBACK,1,90000,0.0064,900.0
2025-01,RETURN-QC-OK,REFUND_STATUS_FOLLOWUP,2,247300,0.0175,2473.0
2025-01,RETURN-QC-OK,RETURN_PICKUP_QC,8,884000,0.0627,8840.0
2025-01,WTY-BUYBACK,PRODUCT_DEFECT,2,284100,0.0201,2841.0
2025-02,CANCEL,CANCELLATION,9,1626000,0.0914,16260.0
2025-02,DOA-REPL,PRODUCT_DEFECT,3,697300,0.0392,6973.0
2025-02,DUP-PAYMENT,PAYMENT_ISSUE,9,2867800,0.1612,28678.0
2025-02,GW-OTHER,OTHER_UNCLEAR,23,6309100,0.3546,63091.0
2025-02,LOST-TRANSIT,NON_DELIVERY,2,1649700,0.0927,16497.0
2025-02,PRICE-ADJ,PRICE_COUPON,1,199900,0.0112,1999.0
2025-02,RETURN-QC-OK,RETURN_PICKUP_QC,13,2989300,0.168,29893.0
2025-02,WTY-BUYBACK,WARRANTY_BUYBACK,3,1454700,0.0818,14547.0
2025-03,CANCEL,CANCELLATION,6,1811500,0.0623,18115.0
2025-03,DOA-REPL,PRODUCT_DEFECT,8,2948800,0.1015,29488.0
2025-03,DUP-PAYMENT,PAYMENT_ISSUE,16,5226000,0.1798,52260.0
2025-03,GW-OTHER,OTHER_UNCLEAR,30,9876000,0.3399,98760.0
2025-03,LOST-TRANSIT,NON_DELIVERY,1,399900,0.0138,3999.0
2025-03,PRICE-ADJ,PRICE_COUPON,4,998400,0.0344,9984.0
2025-03,RETURN-QC-OK,RETURN_PICKUP_QC,24,7074300,0.2434,70743.0
2025-03,WTY-BUYBACK,WARRANTY_BUYBACK,2,724800,0.0249,7248.0
2025-04,CANCEL,CANCELLATION,9,2399400,0.0959,23994.0
2025-04,DOA-REPL,PRODUCT_DEFECT,4,1073300,0.0429,10733.0
2025-04,DUP-PAYMENT,PAYMENT_ISSUE,10,3771600,0.1508,37716.0
2025-04,GW-OTHER,OTHER_UNCLEAR,32,11302500,0.4519,113025.0
2025-04,PRICE-ADJ,PRICE_COUPON,4,992200,0.0397,9922.0
2025-04,RETURN-QC-OK,RETURN_PICKUP_QC,16,3967800,0.1587,39678.0
2025-04,WTY-BUYBACK,WARRANTY_BUYBACK,4,1502100,0.0601,15021.0
2025-05,CANCEL,CANCELLATION,10,2753800,0.1266,27538.0
2025-05,DOA-REPL,PRODUCT_DEFECT,2,169900,0.0078,1699.0
2025-05,DUP-PAYMENT,PAYMENT_ISSUE,7,1678100,0.0772,16781.0
2025-05,GW-OTHER,OTHER_UNCLEAR,38,9198500,0.423,91985.0
2025-05,LOST-TRANSIT,NON_DELIVERY,1,78000,0.0036,780.0
2025-05,PRICE-ADJ,PRICE_COUPON,6,2327000,0.107,23270.0
2025-05,RETURN-QC-OK,RETURN_PICKUP_QC,16,3657700,0.1682,36577.0
2025-05,WTY-BUYBACK,WARRANTY_BUYBACK,6,1883400,0.0866,18834.0
2025-06,CANCEL,CANCELLATION,8,1990700,0.0766,19907.0
2025-06,DOA-REPL,PRODUCT_DEFECT,7,2189400,0.0843,21894.0
2025-06,DUP-PAYMENT,PAYMENT_ISSUE,16,6031700,0.2321,60317.0
2025-06,GW-OTHER,OTHER_UNCLEAR,29,7767400,0.2989,77674.0
2025-06,LOST-TRANSIT,NON_DELIVERY,1,149900,0.0058,1499.0
2025-06,PRICE-ADJ,PRICE_COUPON,4,714600,0.0275,7146.0
2025-06,RETURN-QC-OK,RETURN_PICKUP_QC,18,4733300,0.1821,47333.0
2025-06,WTY-BUYBACK,WARRANTY_BUYBACK,5,2409900,0.0927,24099.0
2025-07,CANCEL,CANCELLATION,18,5099100,0.1428,50991.0
2025-07,DOA-REPL,PRODUCT_DEFECT,6,1790900,0.0502,17909.0
2025-07,DUP-PAYMENT,PAYMENT_ISSUE,19,5722600,0.1603,57226.0
2025-07,GW-OTHER,OTHER_UNCLEAR,46,14542200,0.4074,145422.0
2025-07,LOST-TRANSIT,NON_DELIVERY,5,1229700,0.0344,12297.0
2025-07,PRICE-ADJ,PRICE_COUPON,4,1168400,0.0327,11684.0
2025-07,RETURN-QC-OK,RETURN_PICKUP_QC,17,5193500,0.1455,51935.0
2025-07,WTY-BUYBACK,WARRANTY_BUYBACK,4,952200,0.0267,9522.0
2025-08,CANCEL,CANCELLATION,12,4750500,0.1292,47505.0
2025-08,DOA-REPL,PRODUCT_DEFECT,8,2857700,0.0777,28577.0
2025-08,DUP-PAYMENT,PAYMENT_ISSUE,16,4293100,0.1167,42931.0
2025-08,GW-OTHER,OTHER_UNCLEAR,49,14455000,0.393,144550.0
2025-08,LOST-TRANSIT,NON_DELIVERY,5,1946300,0.0529,19463.0
2025-08,PRICE-ADJ,PRICE_COUPON,2,537700,0.0146,5377.0
2025-08,RETURN-QC-OK,RETURN_PICKUP_QC,29,6829700,0.1857,68297.0
2025-08,WTY-BUYBACK,WARRANTY_BUYBACK,4,1112100,0.0302,11121.0
2025-09,CANCEL,CANCELLATION,15,4098500,0.085,40985.0
2025-09,DOA-REPL,PRODUCT_DEFECT,11,4539300,0.0941,45393.0
2025-09,DUP-PAYMENT,PAYMENT_ISSUE,22,5687400,0.1179,56874.0
2025-09,GW-OTHER,OTHER_UNCLEAR,70,23073400,0.4784,230734.0
2025-09,LOST-TRANSIT,NON_DELIVERY,3,1199700,0.0249,11997.0
2025-09,PRICE-ADJ,PRICE_COUPON,6,1471100,0.0305,14711.0
2025-09,RETURN-QC-OK,RETURN_PICKUP_QC,28,6114500,0.1268,61145.0
2025-09,WTY-BUYBACK,WARRANTY_BUYBACK,6,2044500,0.0424,20445.0
2025-10,CANCEL,CANCELLATION,16,4605200,0.08,46052.0
2025-10,DOA-REPL,PRODUCT_DEFECT,6,1983000,0.0344,19830.0
2025-10,DUP-PAYMENT,PAYMENT_ISSUE,33,7440600,0.1293,74406.0
2025-10,GW-OTHER,OTHER_UNCLEAR,98,33400700,0.5802,334007.0
2025-10,LOST-TRANSIT,NON_DELIVERY,3,337400,0.0059,3374.0
2025-10,PRICE-ADJ,PRICE_COUPON,4,963600,0.0167,9636.0
2025-10,RETURN-QC-OK,RETURN_PICKUP_QC,21,7371300,0.1281,73713.0
2025-10,WTY-BUYBACK,WARRANTY_BUYBACK,4,1461900,0.0254,14619.0
2025-11,CANCEL,CANCELLATION,10,4482500,0.0778,44825.0
2025-11,DOA-REPL,PRODUCT_DEFECT,14,5344700,0.0928,53447.0
2025-11,DUP-PAYMENT,PAYMENT_ISSUE,27,7448000,0.1293,74480.0
2025-11,GW-OTHER,OTHER_UNCLEAR,82,24387800,0.4234,243878.0
2025-11,LOST-TRANSIT,NON_DELIVERY,2,419900,0.0073,4199.0
2025-11,PRICE-ADJ,PRICE_COUPON,4,1644600,0.0286,16446.0
2025-11,RETURN-QC-OK,RETURN_PICKUP_QC,37,10849400,0.1884,108494.0
2025-11,WTY-BUYBACK,WARRANTY_BUYBACK,10,3021500,0.0525,30215.0
2025-12,CANCEL,CANCELLATION,17,5812600,0.1221,58126.0
2025-12,DOA-REPL,PRODUCT_DEFECT,8,2763300,0.0581,27633.0
2025-12,DUP-PAYMENT,PAYMENT_ISSUE,23,7103800,0.1493,71038.0
2025-12,GW-OTHER,OTHER_UNCLEAR,70,18371800,0.386,183718.0
2025-12,LOST-TRANSIT,NON_DELIVERY,4,989600,0.0208,9896.0
2025-12,PRICE-ADJ,PRICE_COUPON,3,525400,0.011,5254.0
2025-12,RETURN-QC-OK,RETURN_PICKUP_QC,40,10430100,0.2191,104301.0
2025-12,WTY-BUYBACK,WARRANTY_BUYBACK,6,1598800,0.0336,15988.0
2026-01,CANCEL,CANCELLATION,18,3714700,0.0826,37147.0
2026-01,DOA-REPL,PRODUCT_DEFECT,6,2122800,0.0472,21228.0
2026-01,DUP-PAYMENT,PAYMENT_ISSUE,29,8835800,0.1964,88358.0
2026-01,GW-OTHER,OTHER_UNCLEAR,62,18544600,0.4122,185446.0
2026-01,LOST-TRANSIT,NON_DELIVERY,3,739700,0.0164,7397.0
2026-01,PRICE-ADJ,PRICE_COUPON,3,1039800,0.0231,10398.0
2026-01,RETURN-QC-OK,RETURN_PICKUP_QC,26,8065100,0.1793,80651.0
2026-01,WTY-BUYBACK,WARRANTY_BUYBACK,6,1924300,0.0428,19243.0
2026-02,CANCEL,CANCELLATION,7,1266600,0.034,12666.0
2026-02,DOA-REPL,PRODUCT_DEFECT,9,3056800,0.082,30568.0
2026-02,DUP-PAYMENT,PAYMENT_ISSUE,19,6299100,0.169,62991.0
2026-02,GW-OTHER,OTHER_UNCLEAR,63,16206000,0.4347,162060.0
2026-02,LOST-TRANSIT,NON_DELIVERY,1,179900,0.0048,1799.0
2026-02,PRICE-ADJ,PRICE_COUPON,7,1981900,0.0532,19819.0
2026-02,RETURN-QC-OK,RETURN_PICKUP_QC,31,7923800,0.2125,79238.0
2026-02,WTY-BUYBACK,WARRANTY_BUYBACK,2,365600,0.0098,3656.0
2026-03,CANCEL,CANCELLATION,15,1813400,0.0416,18134.0
2026-03,DOA-REPL,PRODUCT_DEFECT,14,3954100,0.0907,39541.0
2026-03,DUP-PAYMENT,PAYMENT_ISSUE,22,5205800,0.1195,52058.0
2026-03,GW-OTHER,OTHER_UNCLEAR,64,17537900,0.4025,175379.0
2026-03,LOST-TRANSIT,NON_DELIVERY,6,2615300,0.06,26153.0
2026-03,PRICE-ADJ,PRICE_COUPON,2,1549700,0.0356,15497.0
2026-03,RETURN-QC-OK,RETURN_PICKUP_QC,32,8724000,0.2002,87240.0
2026-03,WTY-BUYBACK,WARRANTY_BUYBACK,8,2177100,0.05,21771.0
2026-04,CANCEL,CANCELLATION,12,3637000,0.0904,36370.0
2026-04,DOA-REPL,PRODUCT_DEFECT,11,2336600,0.0581,23366.0
2026-04,DUP-PAYMENT,PAYMENT_ISSUE,12,2200100,0.0547,22001.0
2026-04,GW-OTHER,OTHER_UNCLEAR,68,19908400,0.4949,199084.0
2026-04,LOST-TRANSIT,NON_DELIVERY,4,904700,0.0225,9047.0
2026-04,PRICE-ADJ,PRICE_COUPON,6,1606900,0.0399,16069.0
2026-04,RETURN-QC-OK,RETURN_PICKUP_QC,36,8010700,0.1991,80107.0
2026-04,WTY-BUYBACK,WARRANTY_BUYBACK,5,1622100,0.0403,16221.0
2026-05,CANCEL,CANCELLATION,9,3422700,0.0802,34227.0
2026-05,DOA-REPL,PRODUCT_DEFECT,10,2886300,0.0676,28863.0
2026-05,DUP-PAYMENT,PAYMENT_ISSUE,13,1908900,0.0447,19089.0
2026-05,GW-OTHER,OTHER_UNCLEAR,70,19545200,0.458,195452.0
2026-05,LOST-TRANSIT,NON_DELIVERY,2,1304400,0.0306,13044.0
2026-05,PRICE-ADJ,PRICE_COUPON,5,2177000,0.051,21770.0
2026-05,RETURN-QC-OK,RETURN_PICKUP_QC,33,8184900,0.1918,81849.0
2026-05,WTY-BUYBACK,WARRANTY_BUYBACK,7,3244300,0.076,32443.0
2026-06,CANCEL,CANCELLATION,24,6085300,0.135,60853.0
2026-06,DOA-REPL,PRODUCT_DEFECT,17,5670100,0.1258,56701.0
2026-06,DUP-PAYMENT,PAYMENT_ISSUE,18,3962300,0.0879,39623.0
2026-06,GW-OTHER,OTHER_UNCLEAR,71,19023800,0.422,190238.0
2026-06,LOST-TRANSIT,NON_DELIVERY,4,1511600,0.0335,15116.0
2026-06,PRICE-ADJ,PRICE_COUPON,6,809100,0.0179,8091.0
2026-06,RETURN-QC-OK,RETURN_PICKUP_QC,25,6887900,0.1528,68879.0
2026-06,WTY-BUYBACK,WARRANTY_BUYBACK,5,1132000,0.0251,11320.0
